batch_id,source_file,symbol,scope,lang,statement_type,report_type,period_key,period,fiscal_year,year,note_id,note_title,note_type,row_label,code,line_item_canonical,metric,value,source_page
batch_20260917_105909_af0d48,000000015505357_bao_cao_tai_chinh_cong_ty_me_quy_3.pdf,UNKNOWN,separate,vi,balance_sheet,balance_sheet,2025Q3,2025Q3,2025,2025,,,,1,2 3,1,so_cuoi_ky,4.0,3
batch_20260917_105909_af0d48,000000015505357_bao_cao_tai_chinh_cong_ty_me_quy_3.pdf,UNKNOWN,separate,vi,balance_sheet,balance_sheet,2025Q3,2025Q3,2025,2025,,,,1,2 3,1,so_dau_nam,5.0,3
batch_20260917_105909_af0d48,000000015505357_bao_cao_tai_chinh_cong_ty_me_quy_3.pdf,UNKNOWN,separate,vi,balance_sheet,balance_sheet,2025Q3,2025Q3,2025,2025,,,,A - TÀI SẢN NGẮN HẠN,100,tai_san_ngan_han,so_cuoi_ky,93349905905.0,3
batch_20260917_105909_af0d48,000000015505357_bao_cao_tai_chinh_cong_ty_me_quy_3.pdf,UNKNOWN,separate,vi,balance_sheet,balance_sheet,2025Q3,2025Q3,2025,2025,,,,A - TÀI SẢN NGẮN HẠN,100,tai_san_ngan_han,so_dau_nam,93413891442.0,3
batch_20260917_105909_af0d48,000000015505357_bao_cao_tai_chinh_cong_ty_me_quy_3.pdf,UNKNOWN,separate,vi,balance_sheet,balance_sheet,2025Q3,2025Q3,2025,2025,,,,(100=110+120+130+140+150) I. Tiền và các khoản tương đương tiền,110,tien,so_cuoi_ky,66953383.0,3
batch_20260917_105909_af0d48,000000015505357_bao_cao_tai_chinh_cong_ty_me_quy_3.pdf,UNKNOWN,separate,vi,balance_sheet,balance_sheet,2025Q3,2025Q3,2025,2025,,,,(100=110+120+130+140+150) I. Tiền và các khoản tương đương tiền,110,tien,so_dau_nam,86101883.0,3
batch_20260917_105909_af0d48,000000015505357_bao_cao_tai_chinh_cong_ty_me_quy_3.pdf,UNKNOWN,separate,vi,balance_sheet,balance_sheet,2025Q3,2025Q3,2025,2025,,,,Tiền,111,tien,so_cuoi_ky,66953383.0,3
batch_20260917_105909_af0d48,000000015505357_bao_cao_tai_chinh_cong_ty_me_quy_3.pdf,UNKNOWN,separate,vi,balance_sheet,balance_sheet,2025Q3,2025Q3,2025,2025,,,,Tiền,111,tien,so_dau_nam,86101883.0,3
batch_20260917_105909_af0d48,000000015505357_bao_cao_tai_chinh_cong_ty_me_quy_3.pdf,UNKNOWN,separate,vi,balance_sheet,balance_sheet,2025Q3,2025Q3,2025,2025,,,,Các khoản tương đương tiền,112,cackhoantuongduongtien,so_cuoi_ky,0.0,3
batch_20260917_105909_af0d48,000000015505357_bao_cao_tai_chinh_cong_ty_me_quy_3.pdf,UNKNOWN,separate,vi,balance_sheet,balance_sheet,2025Q3,2025Q3,2025,2025,,,,Đầu tư tài chính ngắn hạn,120,dau_tu_tai_chinh_ngan_han,so_cuoi_ky,0.0,3
batch_20260917_105909_af0d48,000000015505357_bao_cao_tai_chinh_cong_ty_me_quy_3.pdf,UNKNOWN,separate,vi,balance_sheet,balance_sheet,2025Q3,2025Q3,2025,2025,,,,Chứng khoán kinh doanh,121,chungkhoankinhdoanh,so_cuoi_ky,0.0,3
batch_20260917_105909_af0d48,000000015505357_bao_cao_tai_chinh_cong_ty_me_quy_3.pdf,UNKNOWN,separate,vi,balance_sheet,balance_sheet,2025Q3,2025Q3,2025,2025,,,,Dự phòng giảm giá chứng khoán kinh,122,duphonggiamgiachungkhoankinh,so_cuoi_ky,0.0,3
batch_20260917_105909_af0d48,000000015505357_bao_cao_tai_chinh_cong_ty_me_quy_3.pdf,UNKNOWN,separate,vi,balance_sheet,balance_sheet,2025Q3,2025Q3,2025,2025,,,,doanh 3. Đầu (*) tư nắm giữ đến ngày đáo hạn,123,doanh3dautunamgiudenngaydaohan,so_cuoi_ky,0.0,3
batch_20260917_105909_af0d48,000000015505357_bao_cao_tai_chinh_cong_ty_me_quy_3.pdf,UNKNOWN,separate,vi,balance_sheet,balance_sheet,2025Q3,2025Q3,2025,2025,,,,Các khoản phải thu ngắn hạn,130,phai_thu_ngan_han,so_cuoi_ky,90918401120.0,3
batch_20260917_105909_af0d48,000000015505357_bao_cao_tai_chinh_cong_ty_me_quy_3.pdf,UNKNOWN,separate,vi,balance_sheet,balance_sheet,2025Q3,2025Q3,2025,2025,,,,Các khoản phải thu ngắn hạn,130,phai_thu_ngan_han,so_dau_nam,90967965120.0,3
batch_20260917_105909_af0d48,000000015505357_bao_cao_tai_chinh_cong_ty_me_quy_3.pdf,UNKNOWN,separate,vi,balance_sheet,balance_sheet,2025Q3,2025Q3,2025,2025,,,,Phải thu ngắn hạn của khách hàng,131,phaithunganhancuakhachhang,so_cuoi_ky,1073072306.0,3
batch_20260917_105909_af0d48,000000015505357_bao_cao_tai_chinh_cong_ty_me_quy_3.pdf,UNKNOWN,separate,vi,balance_sheet,balance_sheet,2025Q3,2025Q3,2025,2025,,,,Phải thu ngắn hạn của khách hàng,131,phaithunganhancuakhachhang,so_dau_nam,1073072306.0,3
batch_20260917_105909_af0d48,000000015505357_bao_cao_tai_chinh_cong_ty_me_quy_3.pdf,UNKNOWN,separate,vi,balance_sheet,balance_sheet,2025Q3,2025Q3,2025,2025,,,,Trả trước cho người bán ngắn hạn,132,tratruocchonguoibannganhan,so_cuoi_ky,11080096279.0,3
batch_20260917_105909_af0d48,000000015505357_bao_cao_tai_chinh_cong_ty_me_quy_3.pdf,UNKNOWN,separate,vi,balance_sheet,balance_sheet,2025Q3,2025Q3,2025,2025,,,,Trả trước cho người bán ngắn hạn,132,tratruocchonguoibannganhan,so_dau_nam,11097628279.0,3
batch_20260917_105909_af0d48,000000015505357_bao_cao_tai_chinh_cong_ty_me_quy_3.pdf,UNKNOWN,separate,vi,balance_sheet,balance_sheet,2025Q3,2025Q3,2025,2025,,,,Phải thu nội bộ ngắn hạn,133,phaithunoibonganhan,so_cuoi_ky,0.0,3
batch_20260917_105909_af0d48,000000015505357_bao_cao_tai_chinh_cong_ty_me_quy_3.pdf,UNKNOWN,separate,vi,balance_sheet,balance_sheet,2025Q3,2025Q3,2025,2025,,,,Phải thu theo tiến độ kế hoạch hợp đồng,134,phaithutheotiendokehoachhopdong,so_cuoi_ky,0.0,3
batch_20260917_105909_af0d48,000000015505357_bao_cao_tai_chinh_cong_ty_me_quy_3.pdf,UNKNOWN,separate,vi,balance_sheet,balance_sheet,2025Q3,2025Q3,2025,2025,,,,xây 5. Phải dựng thu về cho vay ngắn hạn,135,xay5phaidungthuvechovaynganhan,so_cuoi_ky,2211000000.0,3
batch_20260917_105909_af0d48,000000015505357_bao_cao_tai_chinh_cong_ty_me_quy_3.pdf,UNKNOWN,separate,vi,balance_sheet,balance_sheet,2025Q3,2025Q3,2025,2025,,,,xây 5. Phải dựng thu về cho vay ngắn hạn,135,xay5phaidungthuvechovaynganhan,so_dau_nam,2211000000.0,3
batch_20260917_105909_af0d48,000000015505357_bao_cao_tai_chinh_cong_ty_me_quy_3.pdf,UNKNOWN,separate,vi,balance_sheet,balance_sheet,2025Q3,2025Q3,2025,2025,,,,Phải thu ngắn hạn khác,136,phaithunganhankhac,so_cuoi_ky,104131421873.0,3
batch_20260917_105909_af0d48,000000015505357_bao_cao_tai_chinh_cong_ty_me_quy_3.pdf,UNKNOWN,separate,vi,balance_sheet,balance_sheet,2025Q3,2025Q3,2025,2025,,,,Phải thu ngắn hạn khác,136,phaithunganhankhac,so_dau_nam,104163453873.0,3
batch_20260917_105909_af0d48,000000015505357_bao_cao_tai_chinh_cong_ty_me_quy_3.pdf,UNKNOWN,separate,vi,balance_sheet,balance_sheet,2025Q3,2025Q3,2025,2025,,,,Dự phòng phải thu ngắn hạn khó đòi (*),137,duphongphaithunganhankhodoi,so_cuoi_ky,-27577189338.0,3
batch_20260917_105909_af0d48,000000015505357_bao_cao_tai_chinh_cong_ty_me_quy_3.pdf,UNKNOWN,separate,vi,balance_sheet,balance_sheet,2025Q3,2025Q3,2025,2025,,,,Dự phòng phải thu ngắn hạn khó đòi (*),137,duphongphaithunganhankhodoi,so_dau_nam,-27577189338.0,3
batch_20260917_105909_af0d48,000000015505357_bao_cao_tai_chinh_cong_ty_me_quy_3.pdf,UNKNOWN,separate,vi,balance_sheet,balance_sheet,2025Q3,2025Q3,2025,2025,,,,Tài sản thiếu chờ xử lý,139,taisanthieuchoxuly,so_cuoi_ky,0.0,3
batch_20260917_105909_af0d48,000000015505357_bao_cao_tai_chinh_cong_ty_me_quy_3.pdf,UNKNOWN,separate,vi,balance_sheet,balance_sheet,2025Q3,2025Q3,2025,2025,,,,Hàng tồn kho,140,hang_ton_kho,so_cuoi_ky,767622067.0,3
batch_20260917_105909_af0d48,000000015505357_bao_cao_tai_chinh_cong_ty_me_quy_3.pdf,UNKNOWN,separate,vi,balance_sheet,balance_sheet,2025Q3,2025Q3,2025,2025,,,,Hàng tồn kho,140,hang_ton_kho,so_dau_nam,767622067.0,3
batch_20260917_105909_af0d48,000000015505357_bao_cao_tai_chinh_cong_ty_me_quy_3.pdf,UNKNOWN,separate,vi,balance_sheet,balance_sheet,2025Q3,2025Q3,2025,2025,,,,Hàng tồn kho,141,hangtonkho,so_cuoi_ky,8747092672.0,3
batch_20260917_105909_af0d48,000000015505357_bao_cao_tai_chinh_cong_ty_me_quy_3.pdf,UNKNOWN,separate,vi,balance_sheet,balance_sheet,2025Q3,2025Q3,2025,2025,,,,Hàng tồn kho,141,hangtonkho,so_dau_nam,8747092672.0,3
batch_20260917_105909_af0d48,000000015505357_bao_cao_tai_chinh_cong_ty_me_quy_3.pdf,UNKNOWN,separate,vi,balance_sheet,balance_sheet,2025Q3,2025Q3,2025,2025,,,,Dự phòng giảm giá hàng tồn kho (*),149,duphonggiamgiahangtonkho,so_cuoi_ky,-7979470605.0,3
batch_20260917_105909_af0d48,000000015505357_bao_cao_tai_chinh_cong_ty_me_quy_3.pdf,UNKNOWN,separate,vi,balance_sheet,balance_sheet,2025Q3,2025Q3,2025,2025,,,,Dự phòng giảm giá hàng tồn kho (*),149,duphonggiamgiahangtonkho,so_dau_nam,-7979470605.0,3
batch_20260917_105909_af0d48,000000015505357_bao_cao_tai_chinh_cong_ty_me_quy_3.pdf,UNKNOWN,separate,vi,balance_sheet,balance_sheet,2025Q3,2025Q3,2025,2025,,,,Tài sản ngắn hạn khác,150,tai_san_sinh_hoc_ngan_han,so_cuoi_ky,1596929335.0,3
batch_20260917_105909_af0d48,000000015505357_bao_cao_tai_chinh_cong_ty_me_quy_3.pdf,UNKNOWN,separate,vi,balance_sheet,balance_sheet,2025Q3,2025Q3,2025,2025,,,,Tài sản ngắn hạn khác,150,tai_san_sinh_hoc_ngan_han,so_dau_nam,1592202372.0,3
batch_20260917_105909_af0d48,000000015505357_bao_cao_tai_chinh_cong_ty_me_quy_3.pdf,UNKNOWN,separate,vi,balance_sheet,balance_sheet,2025Q3,2025Q3,2025,2025,,,,Chi phí trả trước ngắn hạn,151,chiphitratruocnganhan,so_cuoi_ky,0.0,3
batch_20260917_105909_af0d48,000000015505357_bao_cao_tai_chinh_cong_ty_me_quy_3.pdf,UNKNOWN,separate,vi,balance_sheet,balance_sheet,2025Q3,2025Q3,2025,2025,,,,Thuế GTGT được khấu trừ,152,thuegtgtduockhautru,so_cuoi_ky,1596929335.0,3
batch_20260917_105909_af0d48,000000015505357_bao_cao_tai_chinh_cong_ty_me_quy_3.pdf,UNKNOWN,separate,vi,balance_sheet,balance_sheet,2025Q3,2025Q3,2025,2025,,,,Thuế GTGT được khấu trừ,152,thuegtgtduockhautru,so_dau_nam,1592202372.0,3
batch_20260917_105909_af0d48,000000015505357_bao_cao_tai_chinh_cong_ty_me_quy_3.pdf,UNKNOWN,separate,vi,balance_sheet,balance_sheet,2025Q3,2025Q3,2025,2025,,,,Thuế và các khoản khác phải thu Nhà,153,thuevacackhoankhacphaithunha,so_cuoi_ky,0.0,3
batch_20260917_105909_af0d48,000000015505357_bao_cao_tai_chinh_cong_ty_me_quy_3.pdf,UNKNOWN,separate,vi,balance_sheet,balance_sheet,2025Q3,2025Q3,2025,2025,,,,n4.ư Gớciao dịch mua bán lại trái phiếu Chính,154,n4ugociaodichmuabanlaitraiphieuchinh,so_cuoi_ky,0.0,3
batch_20260917_105909_af0d48,000000015505357_bao_cao_tai_chinh_cong_ty_me_quy_3.pdf,UNKNOWN,separate,vi,balance_sheet,balance_sheet,2025Q3,2025Q3,2025,2025,,,,phủ 5. Tài sản ngắn hạn khác,155,phu5taisannganhankhac,so_cuoi_ky,0.0,3
batch_20260917_105909_af0d48,000000015505357_bao_cao_tai_chinh_cong_ty_me_quy_3.pdf,UNKNOWN,separate,vi,balance_sheet,balance_sheet,2025Q3,2025Q3,2025,2025,,,,B - TÀI SẢN DÀI HẠN,200,tai_san_dai_han,so_cuoi_ky,67749171802.0,3
batch_20260917_105909_af0d48,000000015505357_bao_cao_tai_chinh_cong_ty_me_quy_3.pdf,UNKNOWN,separate,vi,balance_sheet,balance_sheet,2025Q3,2025Q3,2025,2025,,,,B - TÀI SẢN DÀI HẠN,200,tai_san_dai_han,so_dau_nam,69488974049.0,3
batch_20260917_105909_af0d48,000000015505357_bao_cao_tai_chinh_cong_ty_me_quy_3.pdf,UNKNOWN,separate,vi,balance_sheet,balance_sheet,2025Q3,2025Q3,2025,2025,,,,(200=210+220+230+240+250+260) I. Các khoản phải thu dài hạn,210,tscd_huu_hinh,so_cuoi_ky,0.0,3
batch_20260917_105909_af0d48,000000015505357_bao_cao_tai_chinh_cong_ty_me_quy_3.pdf,UNKNOWN,separate,vi,balance_sheet,balance_sheet,2025Q3,2025Q3,2025,2025,,,,Phải thu dài hạn của khách hàng,211,phaithudaihancuakhachhang,so_cuoi_ky,0.0,3
batch_20260917_105909_af0d48,000000015505357_bao_cao_tai_chinh_cong_ty_me_quy_3.pdf,UNKNOWN,separate,vi,balance_sheet,balance_sheet,2025Q3,2025Q3,2025,2025,,,,Trả trước cho người bán dài hạn,212,tratruocchonguoibandaihan,so_cuoi_ky,0.0,3
batch_20260917_105909_af0d48,000000015505357_bao_cao_tai_chinh_cong_ty_me_quy_3.pdf,UNKNOWN,separate,vi,balance_sheet,balance_sheet,2025Q3,2025Q3,2025,2025,,,,Vốn kinh doanh ở các đơn vị trực thuộc,213,vonkinhdoanhocacdonvitructhuoc,so_cuoi_ky,0.0,3
batch_20260917_105909_af0d48,000000015505357_bao_cao_tai_chinh_cong_ty_me_quy_3.pdf,UNKNOWN,separate,vi,balance_sheet,balance_sheet,2025Q3,2025Q3,2025,2025,,,,Phải thu nội bộ dài hạn,214,phaithunoibodaihan,so_cuoi_ky,0.0,3
batch_20260917_105909_af0d48,000000015505357_bao_cao_tai_chinh_cong_ty_me_quy_3.pdf,UNKNOWN,separate,vi,balance_sheet,balance_sheet,2025Q3,2025Q3,2025,2025,,,,Phải thu về cho vay dài hạn,215,phaithuvechovaydaihan,so_cuoi_ky,0.0,3
batch_20260917_105909_af0d48,000000015505357_bao_cao_tai_chinh_cong_ty_me_quy_3.pdf,UNKNOWN,separate,vi,balance_sheet,balance_sheet,2025Q3,2025Q3,2025,2025,,,,Phải thu dài hạn khác,216,phaithudaihankhac,so_cuoi_ky,1512959872.0,3
batch_20260917_105909_af0d48,000000015505357_bao_cao_tai_chinh_cong_ty_me_quy_3.pdf,UNKNOWN,separate,vi,balance_sheet,balance_sheet,2025Q3,2025Q3,2025,2025,,,,Phải thu dài hạn khác,216,phaithudaihankhac,so_dau_nam,1512959872.0,3
batch_20260917_105909_af0d48,000000015505357_bao_cao_tai_chinh_cong_ty_me_quy_3.pdf,UNKNOWN,separate,vi,balance_sheet,balance_sheet,2025Q3,2025Q3,2025,2025,,,,Dự phòng phải thu dài hạn khó đòi (*),219,duphongphaithudaihankhodoi,so_cuoi_ky,-1512959872.0,3
batch_20260917_105909_af0d48,000000015505357_bao_cao_tai_chinh_cong_ty_me_quy_3.pdf,UNKNOWN,separate,vi,balance_sheet,balance_sheet,2025Q3,2025Q3,2025,2025,,,,Dự phòng phải thu dài hạn khó đòi (*),219,duphongphaithudaihankhodoi,so_dau_nam,-1512959872.0,3
batch_20260917_105909_af0d48,000000015505357_bao_cao_tai_chinh_cong_ty_me_quy_3.pdf,UNKNOWN,separate,vi,balance_sheet,balance_sheet,2025Q3,2025Q3,2025,2025,,,,Tài sản cố định,220,tscd_thue_tai_chinh,so_cuoi_ky,59830296668.0,3
batch_20260917_105909_af0d48,000000015505357_bao_cao_tai_chinh_cong_ty_me_quy_3.pdf,UNKNOWN,separate,vi,balance_sheet,balance_sheet,2025Q3,2025Q3,2025,2025,,,,Tài sản cố định,220,tscd_thue_tai_chinh,so_dau_nam,61331150491.0,3
batch_20260917_105909_af0d48,000000015505357_bao_cao_tai_chinh_cong_ty_me_quy_3.pdf,UNKNOWN,separate,vi,balance_sheet,balance_sheet,2025Q3,2025Q3,2025,2025,,,,TSCĐ hữu hình,221,tscdhuuhinh,so_cuoi_ky,55119879979.0,3
batch_20260917_105909_af0d48,000000015505357_bao_cao_tai_chinh_cong_ty_me_quy_3.pdf,UNKNOWN,separate,vi,balance_sheet,balance_sheet,2025Q3,2025Q3,2025,2025,,,,TSCĐ hữu hình,221,tscdhuuhinh,so_dau_nam,56537608802.0,3
batch_20260917_105909_af0d48,000000015505357_bao_cao_tai_chinh_cong_ty_me_quy_3.pdf,UNKNOWN,separate,vi,balance_sheet,balance_sheet,2025Q3,2025Q3,2025,2025,,,,- Nguyên giá,222,nguyengia,so_cuoi_ky,124854554178.0,3
batch_20260917_105909_af0d48,000000015505357_bao_cao_tai_chinh_cong_ty_me_quy_3.pdf,UNKNOWN,separate,vi,balance_sheet,balance_sheet,2025Q3,2025Q3,2025,2025,,,,- Nguyên giá,222,nguyengia,so_dau_nam,124854554178.0,3
batch_20260917_105909_af0d48,000000015505357_bao_cao_tai_chinh_cong_ty_me_quy_3.pdf,UNKNOWN,separate,vi,balance_sheet,balance_sheet,2025Q3,2025Q3,2025,2025,,,,- Giá trị hao mòn lũy kế (*),223,giatrihaomonluyke,so_cuoi_ky,-69734674199.0,3
batch_20260917_105909_af0d48,000000015505357_bao_cao_tai_chinh_cong_ty_me_quy_3.pdf,UNKNOWN,separate,vi,balance_sheet,balance_sheet,2025Q3,2025Q3,2025,2025,,,,- Giá trị hao mòn lũy kế (*),223,giatrihaomonluyke,so_dau_nam,-68316945376.0,3
batch_20260917_105909_af0d48,000000015505357_bao_cao_tai_chinh_cong_ty_me_quy_3.pdf,UNKNOWN,separate,vi,balance_sheet,balance_sheet,2025Q3,2025Q3,2025,2025,,,,TSCĐ thuê tài chính,224,tscdthuetaichinh,so_cuoi_ky,0.0,3
batch_20260917_105909_af0d48,000000015505357_bao_cao_tai_chinh_cong_ty_me_quy_3.pdf,UNKNOWN,separate,vi,balance_sheet,balance_sheet,2025Q3,2025Q3,2025,2025,,,,- Nguyên giá,225,nguyengia,so_cuoi_ky,0.0,3
batch_20260917_105909_af0d48,000000015505357_bao_cao_tai_chinh_cong_ty_me_quy_3.pdf,UNKNOWN,separate,vi,balance_sheet,balance_sheet,2025Q3,2025Q3,2025,2025,,,,- Giá trị hao mòn lũy kế (*),226,giatrihaomonluyke,so_cuoi_ky,0.0,3
batch_20260917_105909_af0d48,000000015505357_bao_cao_tai_chinh_cong_ty_me_quy_3.pdf,UNKNOWN,separate,vi,balance_sheet,balance_sheet,2025Q3,2025Q3,2025,2025,,,,TSCĐ vô hình,227,tscd_vo_hinh,so_cuoi_ky,4710416689.0,3
batch_20260917_105909_af0d48,000000015505357_bao_cao_tai_chinh_cong_ty_me_quy_3.pdf,UNKNOWN,separate,vi,balance_sheet,balance_sheet,2025Q3,2025Q3,2025,2025,,,,TSCĐ vô hình,227,tscd_vo_hinh,so_dau_nam,4793541689.0,3
batch_20260917_105909_af0d48,000000015505357_bao_cao_tai_chinh_cong_ty_me_quy_3.pdf,UNKNOWN,separate,vi,balance_sheet,balance_sheet,2025Q3,2025Q3,2025,2025,,,,- Nguyên giá,228,nguyengia,so_cuoi_ky,9975000000.0,3
batch_20260917_105909_af0d48,000000015505357_bao_cao_tai_chinh_cong_ty_me_quy_3.pdf,UNKNOWN,separate,vi,balance_sheet,balance_sheet,2025Q3,2025Q3,2025,2025,,,,- Nguyên giá,228,nguyengia,so_dau_nam,9975000000.0,3
batch_20260917_105909_af0d48,000000015505357_bao_cao_tai_chinh_cong_ty_me_quy_3.pdf,UNKNOWN,separate,vi,balance_sheet,balance_sheet,2025Q3,2025Q3,2025,2025,,,,- Giá trị hao mòn lũy kế (*),229,giatrihaomonluyke,so_cuoi_ky,-5264583311.0,3
batch_20260917_105909_af0d48,000000015505357_bao_cao_tai_chinh_cong_ty_me_quy_3.pdf,UNKNOWN,separate,vi,balance_sheet,balance_sheet,2025Q3,2025Q3,2025,2025,,,,- Giá trị hao mòn lũy kế (*),229,giatrihaomonluyke,so_dau_nam,-5181458311.0,3
batch_20260917_105909_af0d48,000000015505357_bao_cao_tai_chinh_cong_ty_me_quy_3.pdf,UNKNOWN,separate,vi,balance_sheet,balance_sheet,2025Q3,2025Q3,2025,2025,,,,Bất động sản đầu tư,230,batdongsandautu,so_cuoi_ky,0.0,3
batch_20260917_105909_af0d48,000000015505357_bao_cao_tai_chinh_cong_ty_me_quy_3.pdf,UNKNOWN,separate,vi,balance_sheet,balance_sheet,2025Q3,2025Q3,2025,2025,,,,- Nguyên giá,231,nguyengia,so_cuoi_ky,0.0,3
batch_20260917_105909_af0d48,000000015505357_bao_cao_tai_chinh_cong_ty_me_quy_3.pdf,UNKNOWN,separate,vi,balance_sheet,balance_sheet,2025Q3,2025Q3,2025,2025,,,,- Giá trị hao mòn lũy kế (*),232,giatrihaomonluyke,so_cuoi_ky,0.0,3
batch_20260917_105909_af0d48,000000015505357_bao_cao_tai_chinh_cong_ty_me_quy_3.pdf,UNKNOWN,separate,vi,balance_sheet,balance_sheet,2025Q3,2025Q3,2025,2025,,,,Tài sản dở dang dài hạn,240,bat_dong_san_dau_tu,so_cuoi_ky,0.0,3
batch_20260917_105909_af0d48,000000015505357_bao_cao_tai_chinh_cong_ty_me_quy_3.pdf,UNKNOWN,separate,vi,balance_sheet,balance_sheet,2025Q3,2025Q3,2025,2025,,,,"Chi phí sản xuất, kinh doanh dở dang dài",241,chiphisanxuatkinhdoanhdodangdai,so_cuoi_ky,0.0,3
batch_20260917_105909_af0d48,000000015505357_bao_cao_tai_chinh_cong_ty_me_quy_3.pdf,UNKNOWN,separate,vi,balance_sheet,balance_sheet,2025Q3,2025Q3,2025,2025,,,,hạn 2. Chi phí xây dựng cơ bản dở dang,242,han2chiphixaydungcobandodang,so_cuoi_ky,0.0,3
batch_20260917_105909_af0d48,000000015505357_bao_cao_tai_chinh_cong_ty_me_quy_3.pdf,UNKNOWN,separate,vi,balance_sheet,balance_sheet,2025Q3,2025Q3,2025,2025,,,,Đầu tư tài chính dài hạn,250,tai_san_do_dang_dai_han,so_cuoi_ky,0.0,3
batch_20260917_105909_af0d48,000000015505357_bao_cao_tai_chinh_cong_ty_me_quy_3.pdf,UNKNOWN,separate,vi,balance_sheet,balance_sheet,2025Q3,2025Q3,2025,2025,,,,Đầu tư vào công ty con,251,dautuvaocongtycon,so_cuoi_ky,8000000000.0,3
batch_20260917_105909_af0d48,000000015505357_bao_cao_tai_chinh_cong_ty_me_quy_3.pdf,UNKNOWN,separate,vi,balance_sheet,balance_sheet,2025Q3,2025Q3,2025,2025,,,,Đầu tư vào công ty con,251,dautuvaocongtycon,so_dau_nam,8000000000.0,3
batch_20260917_105909_af0d48,000000015505357_bao_cao_tai_chinh_cong_ty_me_quy_3.pdf,UNKNOWN,separate,vi,balance_sheet,balance_sheet,2025Q3,2025Q3,2025,2025,,,,"Đầu tư vào công ty liên kết, liên doanh",252,dautuvaocongtylienketliendoanh,so_cuoi_ky,0.0,3
batch_20260917_105909_af0d48,000000015505357_bao_cao_tai_chinh_cong_ty_me_quy_3.pdf,UNKNOWN,separate,vi,balance_sheet,balance_sheet,2025Q3,2025Q3,2025,2025,,,,Đầu tư góp vốn vào đơn vị khác,253,dautugopvonvaodonvikhac,so_cuoi_ky,0.0,3
batch_20260917_105909_af0d48,000000015505357_bao_cao_tai_chinh_cong_ty_me_quy_3.pdf,UNKNOWN,separate,vi,balance_sheet,balance_sheet,2025Q3,2025Q3,2025,2025,,,,Dự phòng đầu tư tài chính dài hạn (*),254,duphongdaututaichinhdaihan,so_cuoi_ky,-8000000000.0,3
batch_20260917_105909_af0d48,000000015505357_bao_cao_tai_chinh_cong_ty_me_quy_3.pdf,UNKNOWN,separate,vi,balance_sheet,balance_sheet,2025Q3,2025Q3,2025,2025,,,,Dự phòng đầu tư tài chính dài hạn (*),254,duphongdaututaichinhdaihan,so_dau_nam,-8000000000.0,3
batch_20260917_105909_af0d48,000000015505357_bao_cao_tai_chinh_cong_ty_me_quy_3.pdf,UNKNOWN,separate,vi,balance_sheet,balance_sheet,2025Q3,2025Q3,2025,2025,,,,Đầu tư nắm giữ đến ngày đáo hạn,255,dautunamgiudenngaydaohan,so_cuoi_ky,0.0,3
batch_20260917_105909_af0d48,000000015505357_bao_cao_tai_chinh_cong_ty_me_quy_3.pdf,UNKNOWN,separate,vi,balance_sheet,balance_sheet,2025Q3,2025Q3,2025,2025,,,,Tài sản dài hạn khác,260,dau_tu_tai_chinh_dai_han,so_cuoi_ky,7918875134.0,3
batch_20260917_105909_af0d48,000000015505357_bao_cao_tai_chinh_cong_ty_me_quy_3.pdf,UNKNOWN,separate,vi,balance_sheet,balance_sheet,2025Q3,2025Q3,2025,2025,,,,Tài sản dài hạn khác,260,dau_tu_tai_chinh_dai_han,so_dau_nam,8157823558.0,3
batch_20260917_105909_af0d48,000000015505357_bao_cao_tai_chinh_cong_ty_me_quy_3.pdf,UNKNOWN,separate,vi,balance_sheet,balance_sheet,2025Q3,2025Q3,2025,2025,,,,Chi phí trả trước dài hạn,261,chiphitratruocdaihan,so_cuoi_ky,7918875134.0,3
batch_20260917_105909_af0d48,000000015505357_bao_cao_tai_chinh_cong_ty_me_quy_3.pdf,UNKNOWN,separate,vi,balance_sheet,balance_sheet,2025Q3,2025Q3,2025,2025,,,,Chi phí trả trước dài hạn,261,chiphitratruocdaihan,so_dau_nam,8157823558.0,3
batch_20260917_105909_af0d48,000000015505357_bao_cao_tai_chinh_cong_ty_me_quy_3.pdf,UNKNOWN,separate,vi,balance_sheet,balance_sheet,2025Q3,2025Q3,2025,2025,,,,Tài sản thuế thu nhập hoãn lại,262,taisanthuethunhaphoanlai,so_cuoi_ky,0.0,3
batch_20260917_105909_af0d48,000000015505357_bao_cao_tai_chinh_cong_ty_me_quy_3.pdf,UNKNOWN,separate,vi,balance_sheet,balance_sheet,2025Q3,2025Q3,2025,2025,,,,"Thiết bị, vật tư, phụ tùng thay thế dài hạn",263,thietbivattuphutungthaythedaihan,so_cuoi_ky,0.0,3
batch_20260917_105909_af0d48,000000015505357_bao_cao_tai_chinh_cong_ty_me_quy_3.pdf,UNKNOWN,separate,vi,balance_sheet,balance_sheet,2025Q3,2025Q3,2025,2025,,,,Tài sản dài hạn khác,268,taisandaihankhac,so_cuoi_ky,0.0,3
batch_20260917_105909_af0d48,000000015505357_bao_cao_tai_chinh_cong_ty_me_quy_3.pdf,UNKNOWN,separate,vi,balance_sheet,balance_sheet,2025Q3,2025Q3,2025,2025,,,,TỔNG CỘNG TÀI SẢN (270=100+200),270,tong_tai_san,so_cuoi_ky,161099077707.0,3
batch_20260917_105909_af0d48,000000015505357_bao_cao_tai_chinh_cong_ty_me_quy_3.pdf,UNKNOWN,separate,vi,balance_sheet,balance_sheet,2025Q3,2025Q3,2025,2025,,,,TỔNG CỘNG TÀI SẢN (270=100+200),270,tong_tai_san,so_dau_nam,162902865491.0,3
batch_20260917_105909_af0d48,000000015505357_bao_cao_tai_chinh_cong_ty_me_quy_3.pdf,UNKNOWN,separate,vi,balance_sheet,balance_sheet,2025Q3,2025Q3,2025,2025,,,,C - NỢ PHẢI TRẢ (300=310+330),300,no_phai_tra,so_cuoi_ky,245770433338.0,3
batch_20260917_105909_af0d48,000000015505357_bao_cao_tai_chinh_cong_ty_me_quy_3.pdf,UNKNOWN,separate,vi,balance_sheet,balance_sheet,2025Q3,2025Q3,2025,2025,,,,C - NỢ PHẢI TRẢ (300=310+330),300,no_phai_tra,so_dau_nam,243450754434.0,3
batch_20260917_105909_af0d48,000000015505357_bao_cao_tai_chinh_cong_ty_me_quy_3.pdf,UNKNOWN,separate,vi,balance_sheet,balance_sheet,2025Q3,2025Q3,2025,2025,,,,Nợ ngắn hạn,310,no_ngan_han,so_cuoi_ky,134829547381.0,3
batch_20260917_105909_af0d48,000000015505357_bao_cao_tai_chinh_cong_ty_me_quy_3.pdf,UNKNOWN,separate,vi,balance_sheet,balance_sheet,2025Q3,2025Q3,2025,2025,,,,Nợ ngắn hạn,310,no_ngan_han,so_dau_nam,132509868477.0,3
batch_20260917_105909_af0d48,000000015505357_bao_cao_tai_chinh_cong_ty_me_quy_3.pdf,UNKNOWN,separate,vi,balance_sheet,balance_sheet,2025Q3,2025Q3,2025,2025,,,,Phải trả người bán ngắn hạn,311,phaitranguoibannganhan,so_cuoi_ky,6823625788.0,3
batch_20260917_105909_af0d48,000000015505357_bao_cao_tai_chinh_cong_ty_me_quy_3.pdf,UNKNOWN,separate,vi,balance_sheet,balance_sheet,2025Q3,2025Q3,2025,2025,,,,Phải trả người bán ngắn hạn,311,phaitranguoibannganhan,so_dau_nam,6813625788.0,3
batch_20260917_105909_af0d48,000000015505357_bao_cao_tai_chinh_cong_ty_me_quy_3.pdf,UNKNOWN,separate,vi,balance_sheet,balance_sheet,2025Q3,2025Q3,2025,2025,,,,Người mua trả tiền trước ngắn hạn,312,nguoimuatratientruocnganhan,so_cuoi_ky,5861254085.0,3
batch_20260917_105909_af0d48,000000015505357_bao_cao_tai_chinh_cong_ty_me_quy_3.pdf,UNKNOWN,separate,vi,balance_sheet,balance_sheet,2025Q3,2025Q3,2025,2025,,,,Người mua trả tiền trước ngắn hạn,312,nguoimuatratientruocnganhan,so_dau_nam,5861254085.0,3
batch_20260917_105909_af0d48,000000015505357_bao_cao_tai_chinh_cong_ty_me_quy_3.pdf,UNKNOWN,separate,vi,balance_sheet,balance_sheet,2025Q3,2025Q3,2025,2025,,,,Thuế và các khoản phải nộp Nhà nước,313,thuevacackhoanphainopnhanuoc,so_cuoi_ky,15136857552.0,3
batch_20260917_105909_af0d48,000000015505357_bao_cao_tai_chinh_cong_ty_me_quy_3.pdf,UNKNOWN,separate,vi,balance_sheet,balance_sheet,2025Q3,2025Q3,2025,2025,,,,Thuế và các khoản phải nộp Nhà nước,313,thuevacackhoanphainopnhanuoc,so_dau_nam,15136857552.0,3
batch_20260917_105909_af0d48,000000015505357_bao_cao_tai_chinh_cong_ty_me_quy_3.pdf,UNKNOWN,separate,vi,balance_sheet,balance_sheet,2025Q3,2025Q3,2025,2025,,,,Phải trả người lao động,314,phaitranguoilaodong,so_cuoi_ky,0.0,3
batch_20260917_105909_af0d48,000000015505357_bao_cao_tai_chinh_cong_ty_me_quy_3.pdf,UNKNOWN,separate,vi,balance_sheet,balance_sheet,2025Q3,2025Q3,2025,2025,,,,Chi phí phải trả ngắn hạn,315,chiphiphaitranganhan,so_cuoi_ky,68769078926.0,3
batch_20260917_105909_af0d48,000000015505357_bao_cao_tai_chinh_cong_ty_me_quy_3.pdf,UNKNOWN,separate,vi,balance_sheet,balance_sheet,2025Q3,2025Q3,2025,2025,,,,Chi phí phải trả ngắn hạn,315,chiphiphaitranganhan,so_dau_nam,66459400022.0,3
batch_20260917_105909_af0d48,000000015505357_bao_cao_tai_chinh_cong_ty_me_quy_3.pdf,UNKNOWN,separate,vi,balance_sheet,balance_sheet,2025Q3,2025Q3,2025,2025,,,,Phải trả nội bộ ngắn hạn,316,phaitranoibonganhan,so_cuoi_ky,0.0,3
batch_20260917_105909_af0d48,000000015505357_bao_cao_tai_chinh_cong_ty_me_quy_3.pdf,UNKNOWN,separate,vi,balance_sheet,balance_sheet,2025Q3,2025Q3,2025,2025,,,,Phải trả theo tiến độ kế hoạch hợp đồng,317,phaitratheotiendokehoachhopdong,so_cuoi_ky,0.0,3
batch_20260917_105909_af0d48,000000015505357_bao_cao_tai_chinh_cong_ty_me_quy_3.pdf,UNKNOWN,separate,vi,balance_sheet,balance_sheet,2025Q3,2025Q3,2025,2025,,,,xây 8. Doanh dựng thu chưa thực hiện ngắn hạn,318,xay8doanhdungthuchuathuchiennganhan,so_cuoi_ky,0.0,3
batch_20260917_105909_af0d48,000000015505357_bao_cao_tai_chinh_cong_ty_me_quy_3.pdf,UNKNOWN,separate,vi,balance_sheet,balance_sheet,2025Q3,2025Q3,2025,2025,,,,Phải trả ngắn hạn khác,319,phaitranganhankhac,so_cuoi_ky,5217966383.0,3
batch_20260917_105909_af0d48,000000015505357_bao_cao_tai_chinh_cong_ty_me_quy_3.pdf,UNKNOWN,separate,vi,balance_sheet,balance_sheet,2025Q3,2025Q3,2025,2025,,,,Phải trả ngắn hạn khác,319,phaitranganhankhac,so_dau_nam,5217966383.0,3
batch_20260917_105909_af0d48,000000015505357_bao_cao_tai_chinh_cong_ty_me_quy_3.pdf,UNKNOWN,separate,vi,balance_sheet,balance_sheet,2025Q3,2025Q3,2025,2025,,,,Vay và nợ thuê tài chính ngắn hạn,320,vayvanothuetaichinhnganhan,so_cuoi_ky,33019212647.0,3
batch_20260917_105909_af0d48,000000015505357_bao_cao_tai_chinh_cong_ty_me_quy_3.pdf,UNKNOWN,separate,vi,balance_sheet,balance_sheet,2025Q3,2025Q3,2025,2025,,,,Vay và nợ thuê tài chính ngắn hạn,320,vayvanothuetaichinhnganhan,so_dau_nam,33019212647.0,3
batch_20260917_105909_af0d48,000000015505357_bao_cao_tai_chinh_cong_ty_me_quy_3.pdf,UNKNOWN,separate,vi,balance_sheet,balance_sheet,2025Q3,2025Q3,2025,2025,,,,Dự phòng phải trả ngắn hạn,321,duphongphaitranganhan,so_cuoi_ky,0.0,3
batch_20260917_105909_af0d48,000000015505357_bao_cao_tai_chinh_cong_ty_me_quy_3.pdf,UNKNOWN,separate,vi,balance_sheet,balance_sheet,2025Q3,2025Q3,2025,2025,,,,Quỹ khen thưởng phúc lợi,322,quykhenthuongphucloi,so_cuoi_ky,1552000.0,3
batch_20260917_105909_af0d48,000000015505357_bao_cao_tai_chinh_cong_ty_me_quy_3.pdf,UNKNOWN,separate,vi,balance_sheet,balance_sheet,2025Q3,2025Q3,2025,2025,,,,Quỹ khen thưởng phúc lợi,322,quykhenthuongphucloi,so_dau_nam,1552000.0,3
batch_20260917_105909_af0d48,000000015505357_bao_cao_tai_chinh_cong_ty_me_quy_3.pdf,UNKNOWN,separate,vi,balance_sheet,balance_sheet,2025Q3,2025Q3,2025,2025,,,,Quỹ bình ổn giá,323,quybinhongia,so_cuoi_ky,0.0,3
batch_20260917_105909_af0d48,000000015505357_bao_cao_tai_chinh_cong_ty_me_quy_3.pdf,UNKNOWN,separate,vi,balance_sheet,balance_sheet,2025Q3,2025Q3,2025,2025,,,,Giao dịch mua bán lại trái phiếu Chính,324,giaodichmuabanlaitraiphieuchinh,so_cuoi_ky,0.0,3
batch_20260917_105909_af0d48,000000015505357_bao_cao_tai_chinh_cong_ty_me_quy_3.pdf,UNKNOWN,separate,vi,balance_sheet,balance_sheet,2025Q3,2025Q3,2025,2025,,,,phủ II. Nợ dài hạn,330,no_dai_han,so_cuoi_ky,110940885957.0,3
batch_20260917_105909_af0d48,000000015505357_bao_cao_tai_chinh_cong_ty_me_quy_3.pdf,UNKNOWN,separate,vi,balance_sheet,balance_sheet,2025Q3,2025Q3,2025,2025,,,,phủ II. Nợ dài hạn,330,no_dai_han,so_dau_nam,110940885957.0,3
batch_20260917_105909_af0d48,000000015505357_bao_cao_tai_chinh_cong_ty_me_quy_3.pdf,UNKNOWN,separate,vi,balance_sheet,balance_sheet,2025Q3,2025Q3,2025,2025,,,,Phải trả người bán dài hạn,331,phaitranguoibandaihan,so_cuoi_ky,0.0,3
batch_20260917_105909_af0d48,000000015505357_bao_cao_tai_chinh_cong_ty_me_quy_3.pdf,UNKNOWN,separate,vi,balance_sheet,balance_sheet,2025Q3,2025Q3,2025,2025,,,,Người mua trả tiền trước dài hạn,332,nguoimuatratientruocdaihan,so_cuoi_ky,0.0,3
batch_20260917_105909_af0d48,000000015505357_bao_cao_tai_chinh_cong_ty_me_quy_3.pdf,UNKNOWN,separate,vi,balance_sheet,balance_sheet,2025Q3,2025Q3,2025,2025,,,,Chi phí phải trả dài hạn,333,chiphiphaitradaihan,so_cuoi_ky,0.0,3
batch_20260917_105909_af0d48,000000015505357_bao_cao_tai_chinh_cong_ty_me_quy_3.pdf,UNKNOWN,separate,vi,balance_sheet,balance_sheet,2025Q3,2025Q3,2025,2025,,,,Phải trả nội bộ về vốn kinh doanh,334,phaitranoibovevonkinhdoanh,so_cuoi_ky,0.0,3
batch_20260917_105909_af0d48,000000015505357_bao_cao_tai_chinh_cong_ty_me_quy_3.pdf,UNKNOWN,separate,vi,balance_sheet,balance_sheet,2025Q3,2025Q3,2025,2025,,,,Phải trả dài hạn nội bộ,335,phaitradaihannoibo,so_cuoi_ky,0.0,3
batch_20260917_105909_af0d48,000000015505357_bao_cao_tai_chinh_cong_ty_me_quy_3.pdf,UNKNOWN,separate,vi,balance_sheet,balance_sheet,2025Q3,2025Q3,2025,2025,,,,Phải trả dài hạn khác,337,phaitradaihankhac,so_cuoi_ky,0.0,3
batch_20260917_105909_af0d48,000000015505357_bao_cao_tai_chinh_cong_ty_me_quy_3.pdf,UNKNOWN,separate,vi,balance_sheet,balance_sheet,2025Q3,2025Q3,2025,2025,,,,Vay và nợ thuê tài chính dài hạn,338,vayvanothuetaichinhdaihan,so_cuoi_ky,110940885957.0,3
batch_20260917_105909_af0d48,000000015505357_bao_cao_tai_chinh_cong_ty_me_quy_3.pdf,UNKNOWN,separate,vi,balance_sheet,balance_sheet,2025Q3,2025Q3,2025,2025,,,,Vay và nợ thuê tài chính dài hạn,338,vayvanothuetaichinhdaihan,so_dau_nam,110940885957.0,3
batch_20260917_105909_af0d48,000000015505357_bao_cao_tai_chinh_cong_ty_me_quy_3.pdf,UNKNOWN,separate,vi,balance_sheet,balance_sheet,2025Q3,2025Q3,2025,2025,,,,Trái phiếu chuyển đổi,339,traiphieuchuyendoi,so_cuoi_ky,0.0,3
batch_20260917_105909_af0d48,000000015505357_bao_cao_tai_chinh_cong_ty_me_quy_3.pdf,UNKNOWN,separate,vi,balance_sheet,balance_sheet,2025Q3,2025Q3,2025,2025,,,,Cổ phiếu ưu đãi,340,cophieuuudai,so_cuoi_ky,0.0,3
batch_20260917_105909_af0d48,000000015505357_bao_cao_tai_chinh_cong_ty_me_quy_3.pdf,UNKNOWN,separate,vi,balance_sheet,balance_sheet,2025Q3,2025Q3,2025,2025,,,,Thuế thu nhập hoãn lại phải trả,341,thuethunhaphoanlaiphaitra,so_cuoi_ky,0.0,3
batch_20260917_105909_af0d48,000000015505357_bao_cao_tai_chinh_cong_ty_me_quy_3.pdf,UNKNOWN,separate,vi,balance_sheet,balance_sheet,2025Q3,2025Q3,2025,2025,,,,Dự phòng phải trả dài hạn,342,duphongphaitradaihan,so_cuoi_ky,0.0,3
batch_20260917_105909_af0d48,000000015505357_bao_cao_tai_chinh_cong_ty_me_quy_3.pdf,UNKNOWN,separate,vi,balance_sheet,balance_sheet,2025Q3,2025Q3,2025,2025,,,,Quỹ phát triển khoa học và công nghệ,343,quyphattrienkhoahocvacongnghe,so_cuoi_ky,0.0,3
batch_20260917_105909_af0d48,000000015505357_bao_cao_tai_chinh_cong_ty_me_quy_3.pdf,UNKNOWN,separate,vi,balance_sheet,balance_sheet,2025Q3,2025Q3,2025,2025,,,,D - VỐN CHỦ SỞ HỮU (400=410+430),400,von_chu_so_huu,so_cuoi_ky,-84671355631.0,3
batch_20260917_105909_af0d48,000000015505357_bao_cao_tai_chinh_cong_ty_me_quy_3.pdf,UNKNOWN,separate,vi,balance_sheet,balance_sheet,2025Q3,2025Q3,2025,2025,,,,D - VỐN CHỦ SỞ HỮU (400=410+430),400,von_chu_so_huu,so_dau_nam,-80547888943.0,3
batch_20260917_105909_af0d48,000000015505357_bao_cao_tai_chinh_cong_ty_me_quy_3.pdf,UNKNOWN,separate,vi,balance_sheet,balance_sheet,2025Q3,2025Q3,2025,2025,,,,Vốn chủ sở hữu,410,vonchusohuu,so_cuoi_ky,-84671355631.0,3
batch_20260917_105909_af0d48,000000015505357_bao_cao_tai_chinh_cong_ty_me_quy_3.pdf,UNKNOWN,separate,vi,balance_sheet,balance_sheet,2025Q3,2025Q3,2025,2025,,,,Vốn chủ sở hữu,410,vonchusohuu,so_dau_nam,-80547888943.0,3
batch_20260917_105909_af0d48,000000015505357_bao_cao_tai_chinh_cong_ty_me_quy_3.pdf,UNKNOWN,separate,vi,balance_sheet,balance_sheet,2025Q3,2025Q3,2025,2025,,,,Vốn góp chủ sở hữu,411,vongopchusohuu,so_cuoi_ky,160000000000.0,3
batch_20260917_105909_af0d48,000000015505357_bao_cao_tai_chinh_cong_ty_me_quy_3.pdf,UNKNOWN,separate,vi,balance_sheet,balance_sheet,2025Q3,2025Q3,2025,2025,,,,Vốn góp chủ sở hữu,411,vongopchusohuu,so_dau_nam,160000000000.0,3
batch_20260917_105909_af0d48,000000015505357_bao_cao_tai_chinh_cong_ty_me_quy_3.pdf,UNKNOWN,separate,vi,balance_sheet,balance_sheet,2025Q3,2025Q3,2025,2025,,,,- Cổ phiếu phổ thông có quyền biểu quyết 411A,,cophieuphothongcoquyenbieuquyet411a,so_cuoi_ky,160000000000.0,3
batch_20260917_105909_af0d48,000000015505357_bao_cao_tai_chinh_cong_ty_me_quy_3.pdf,UNKNOWN,separate,vi,balance_sheet,balance_sheet,2025Q3,2025Q3,2025,2025,,,,- Cổ phiếu phổ thông có quyền biểu quyết 411A,,cophieuphothongcoquyenbieuquyet411a,so_dau_nam,160000000000.0,3
batch_20260917_105909_af0d48,000000015505357_bao_cao_tai_chinh_cong_ty_me_quy_3.pdf,UNKNOWN,separate,vi,balance_sheet,balance_sheet,2025Q3,2025Q3,2025,2025,,,,- Cổ phiếu ưu đãi 411B,,cophieuuudai411b,so_cuoi_ky,0.0,3
batch_20260917_105909_af0d48,000000015505357_bao_cao_tai_chinh_cong_ty_me_quy_3.pdf,UNKNOWN,separate,vi,balance_sheet,balance_sheet,2025Q3,2025Q3,2025,2025,,,,Thặng dư vốn cổ phần,412,thangduvoncophan,so_cuoi_ky,3167767978.0,3
batch_20260917_105909_af0d48,000000015505357_bao_cao_tai_chinh_cong_ty_me_quy_3.pdf,UNKNOWN,separate,vi,balance_sheet,balance_sheet,2025Q3,2025Q3,2025,2025,,,,Thặng dư vốn cổ phần,412,thangduvoncophan,so_dau_nam,3167767978.0,3
batch_20260917_105909_af0d48,000000015505357_bao_cao_tai_chinh_cong_ty_me_quy_3.pdf,UNKNOWN,separate,vi,balance_sheet,balance_sheet,2025Q3,2025Q3,2025,2025,,,,Quyền chọn chuyển đổi trái phiếu,413,quyenchonchuyendoitraiphieu,so_cuoi_ky,0.0,3
batch_20260917_105909_af0d48,000000015505357_bao_cao_tai_chinh_cong_ty_me_quy_3.pdf,UNKNOWN,separate,vi,balance_sheet,balance_sheet,2025Q3,2025Q3,2025,2025,,,,Vốn khác của chủ sở hữu,414,vonkhaccuachusohuu,so_cuoi_ky,0.0,3
batch_20260917_105909_af0d48,000000015505357_bao_cao_tai_chinh_cong_ty_me_quy_3.pdf,UNKNOWN,separate,vi,balance_sheet,balance_sheet,2025Q3,2025Q3,2025,2025,,,,Cổ phiếu quỹ (*),415,cophieuquy,so_cuoi_ky,0.0,3
batch_20260917_105909_af0d48,000000015505357_bao_cao_tai_chinh_cong_ty_me_quy_3.pdf,UNKNOWN,separate,vi,balance_sheet,balance_sheet,2025Q3,2025Q3,2025,2025,,,,Chênh lệch đánh giá lại tài sản,416,chenhlechdanhgialaitaisan,so_cuoi_ky,0.0,3
batch_20260917_105909_af0d48,000000015505357_bao_cao_tai_chinh_cong_ty_me_quy_3.pdf,UNKNOWN,separate,vi,balance_sheet,balance_sheet,2025Q3,2025Q3,2025,2025,,,,Chênh lệch tỷ giá hối đoái,417,chenhlechtygiahoidoai,so_cuoi_ky,0.0,3
batch_20260917_105909_af0d48,000000015505357_bao_cao_tai_chinh_cong_ty_me_quy_3.pdf,UNKNOWN,separate,vi,balance_sheet,balance_sheet,2025Q3,2025Q3,2025,2025,,,,Quỹ đầu tư phát triển,418,quydautuphattrien,so_cuoi_ky,891344168.0,3
batch_20260917_105909_af0d48,000000015505357_bao_cao_tai_chinh_cong_ty_me_quy_3.pdf,UNKNOWN,separate,vi,balance_sheet,balance_sheet,2025Q3,2025Q3,2025,2025,,,,Quỹ đầu tư phát triển,418,quydautuphattrien,so_dau_nam,891344168.0,3
batch_20260917_105909_af0d48,000000015505357_bao_cao_tai_chinh_cong_ty_me_quy_3.pdf,UNKNOWN,separate,vi,balance_sheet,balance_sheet,2025Q3,2025Q3,2025,2025,,,,Quỹ hỗ trợ sắp xếp doanh nghiệp,419,quyhotrosapxepdoanhnghiep,so_cuoi_ky,0.0,3
batch_20260917_105909_af0d48,000000015505357_bao_cao_tai_chinh_cong_ty_me_quy_3.pdf,UNKNOWN,separate,vi,balance_sheet,balance_sheet,2025Q3,2025Q3,2025,2025,,,,Quỹ khác thuộc vốn chủ sở hữu,420,quykhacthuocvonchusohuu,so_cuoi_ky,0.0,3
batch_20260917_105909_af0d48,000000015505357_bao_cao_tai_chinh_cong_ty_me_quy_3.pdf,UNKNOWN,separate,vi,balance_sheet,balance_sheet,2025Q3,2025Q3,2025,2025,,,,Lợi nhuận sau thuế chưa phân phối - LNST chưa phân phối lũy kế đến cuối kỳ,421,loinhuansauthuechuaphanphoilnstchuaphanphoiluykedencuoiky,so_cuoi_ky,-248730467777.0,3
batch_20260917_105909_af0d48,000000015505357_bao_cao_tai_chinh_cong_ty_me_quy_3.pdf,UNKNOWN,separate,vi,balance_sheet,balance_sheet,2025Q3,2025Q3,2025,2025,,,,Lợi nhuận sau thuế chưa phân phối - LNST chưa phân phối lũy kế đến cuối kỳ,421,loinhuansauthuechuaphanphoilnstchuaphanphoiluykedencuoiky,so_dau_nam,-244607001089.0,3
batch_20260917_105909_af0d48,000000015505357_bao_cao_tai_chinh_cong_ty_me_quy_3.pdf,UNKNOWN,separate,vi,balance_sheet,balance_sheet,2025Q3,2025Q3,2025,2025,,,,421A trước,,421atruoc,so_cuoi_ky,-244607001089.0,3
batch_20260917_105909_af0d48,000000015505357_bao_cao_tai_chinh_cong_ty_me_quy_3.pdf,UNKNOWN,separate,vi,balance_sheet,balance_sheet,2025Q3,2025Q3,2025,2025,,,,421A trước,,421atruoc,so_dau_nam,-236489925052.0,3
batch_20260917_105909_af0d48,000000015505357_bao_cao_tai_chinh_cong_ty_me_quy_3.pdf,UNKNOWN,separate,vi,balance_sheet,balance_sheet,2025Q3,2025Q3,2025,2025,,,,- LNST chưa phân phối kỳ này 421B,,lnstchuaphanphoikynay421b,so_cuoi_ky,-4123466688.0,3
batch_20260917_105909_af0d48,000000015505357_bao_cao_tai_chinh_cong_ty_me_quy_3.pdf,UNKNOWN,separate,vi,balance_sheet,balance_sheet,2025Q3,2025Q3,2025,2025,,,,- LNST chưa phân phối kỳ này 421B,,lnstchuaphanphoikynay421b,so_dau_nam,-8117076037.0,3
batch_20260917_105909_af0d48,000000015505357_bao_cao_tai_chinh_cong_ty_me_quy_3.pdf,UNKNOWN,separate,vi,balance_sheet,balance_sheet,2025Q3,2025Q3,2025,2025,,,,Nguồn vốn đầu tư xây dựng cơ bản,422,nguonvondautuxaydungcoban,so_cuoi_ky,0.0,3
batch_20260917_105909_af0d48,000000015505357_bao_cao_tai_chinh_cong_ty_me_quy_3.pdf,UNKNOWN,separate,vi,balance_sheet,balance_sheet,2025Q3,2025Q3,2025,2025,,,,Nguồn kinh phí và quỹ khác,430,nguonkinhphivaquykhac,so_cuoi_ky,0.0,3
batch_20260917_105909_af0d48,000000015505357_bao_cao_tai_chinh_cong_ty_me_quy_3.pdf,UNKNOWN,separate,vi,balance_sheet,balance_sheet,2025Q3,2025Q3,2025,2025,,,,Nguồn kinh phí,431,nguonkinhphi,so_cuoi_ky,0.0,3
batch_20260917_105909_af0d48,000000015505357_bao_cao_tai_chinh_cong_ty_me_quy_3.pdf,UNKNOWN,separate,vi,balance_sheet,balance_sheet,2025Q3,2025Q3,2025,2025,,,,Nguồn kinh phí đã hình thành tscđ,432,nguonkinhphidahinhthanhtscd,so_cuoi_ky,0.0,3
batch_20260917_105909_af0d48,000000015505357_bao_cao_tai_chinh_cong_ty_me_quy_3.pdf,UNKNOWN,separate,vi,balance_sheet,balance_sheet,2025Q3,2025Q3,2025,2025,,,,TỔNG CỘNG NGUỒN VỐN (440=300+400),440,tong_nguon_von,so_cuoi_ky,161099077707.0,3
batch_20260917_105909_af0d48,000000015505357_bao_cao_tai_chinh_cong_ty_me_quy_3.pdf,UNKNOWN,separate,vi,balance_sheet,balance_sheet,2025Q3,2025Q3,2025,2025,,,,TỔNG CỘNG NGUỒN VỐN (440=300+400),440,tong_nguon_von,so_dau_nam,162902865491.0,3
batch_20260917_105909_af0d48,000000015505357_bao_cao_tai_chinh_cong_ty_me_quy_3.pdf,UNKNOWN,separate,vi,balance_sheet,balance_sheet,2025Q3,2025Q3,2025,2025,,,,,"Lập,","code_Lập,",so_cuoi_ky,18.0,3
batch_20260917_105909_af0d48,000000015505357_bao_cao_tai_chinh_cong_ty_me_quy_3.pdf,UNKNOWN,separate,vi,balance_sheet,balance_sheet,2025Q3,2025Q3,2025,2025,,,,,"Lập,","code_Lập,",so_dau_nam,2025.0,3
batch_20260917_105909_af0d48,000000015505357_bao_cao_tai_chinh_cong_ty_me_quy_3.pdf,UNKNOWN,separate,vi,income_statement,income_statement,2025Q3,2025Q3,2025,2025,,,,1,2 3,1,ky_truoc,5.0,6
batch_20260917_105909_af0d48,000000015505357_bao_cao_tai_chinh_cong_ty_me_quy_3.pdf,UNKNOWN,separate,vi,income_statement,income_statement,2025Q3,2025Q3,2025,2025,,,,Doanh thu bán hàng và cung cấp dịch vụ,01,doanh_thu,ky_truoc,66000.0,6
batch_20260917_105909_af0d48,000000015505357_bao_cao_tai_chinh_cong_ty_me_quy_3.pdf,UNKNOWN,separate,vi,income_statement,income_statement,2025Q3,2025Q3,2025,2025,,,,Doanh thu bán hàng và cung cấp dịch vụ,01,doanh_thu,luy_ke_ky_truoc,66000.0,6
batch_20260917_105909_af0d48,000000015505357_bao_cao_tai_chinh_cong_ty_me_quy_3.pdf,UNKNOWN,separate,vi,income_statement,income_statement,2025Q3,2025Q3,2025,2025,,,,Các khoản giảm trừ doanh thu,02,cac_khoan_giam_tru,ky_truoc,0.0,6
batch_20260917_105909_af0d48,000000015505357_bao_cao_tai_chinh_cong_ty_me_quy_3.pdf,UNKNOWN,separate,vi,income_statement,income_statement,2025Q3,2025Q3,2025,2025,,,,Các khoản giảm trừ doanh thu,02,cac_khoan_giam_tru,luy_ke_ky_truoc,0.0,6
batch_20260917_105909_af0d48,000000015505357_bao_cao_tai_chinh_cong_ty_me_quy_3.pdf,UNKNOWN,separate,vi,income_statement,income_statement,2025Q3,2025Q3,2025,2025,,,,Doanh thu thuần về bán hàng và cung cấp,10,doanh_thu_thuan,ky_truoc,66000.0,6
batch_20260917_105909_af0d48,000000015505357_bao_cao_tai_chinh_cong_ty_me_quy_3.pdf,UNKNOWN,separate,vi,income_statement,income_statement,2025Q3,2025Q3,2025,2025,,,,Doanh thu thuần về bán hàng và cung cấp,10,doanh_thu_thuan,luy_ke_ky_truoc,66000.0,6
batch_20260917_105909_af0d48,000000015505357_bao_cao_tai_chinh_cong_ty_me_quy_3.pdf,UNKNOWN,separate,vi,income_statement,income_statement,2025Q3,2025Q3,2025,2025,,,,d4.ị cGhi áv ụv ố(1n0 h=à0n1g- 0b2á)n,11,gia_von_hang_ban,ky_truoc,0.0,6
batch_20260917_105909_af0d48,000000015505357_bao_cao_tai_chinh_cong_ty_me_quy_3.pdf,UNKNOWN,separate,vi,income_statement,income_statement,2025Q3,2025Q3,2025,2025,,,,d4.ị cGhi áv ụv ố(1n0 h=à0n1g- 0b2á)n,11,gia_von_hang_ban,luy_ke_ky_truoc,0.0,6
batch_20260917_105909_af0d48,000000015505357_bao_cao_tai_chinh_cong_ty_me_quy_3.pdf,UNKNOWN,separate,vi,income_statement,income_statement,2025Q3,2025Q3,2025,2025,,,,Lợi nhuận gộp về bán hàng và cung cấp,20,loi_nhuan_gop,ky_truoc,66000.0,6
batch_20260917_105909_af0d48,000000015505357_bao_cao_tai_chinh_cong_ty_me_quy_3.pdf,UNKNOWN,separate,vi,income_statement,income_statement,2025Q3,2025Q3,2025,2025,,,,Lợi nhuận gộp về bán hàng và cung cấp,20,loi_nhuan_gop,luy_ke_ky_truoc,66000.0,6
batch_20260917_105909_af0d48,000000015505357_bao_cao_tai_chinh_cong_ty_me_quy_3.pdf,UNKNOWN,separate,vi,income_statement,income_statement,2025Q3,2025Q3,2025,2025,,,,Doanh thu hoạt động tài chính,21,doanh_thu_tai_chinh,ky_nay,33102.0,6
batch_20260917_105909_af0d48,000000015505357_bao_cao_tai_chinh_cong_ty_me_quy_3.pdf,UNKNOWN,separate,vi,income_statement,income_statement,2025Q3,2025Q3,2025,2025,,,,Doanh thu hoạt động tài chính,21,doanh_thu_tai_chinh,ky_truoc,0.0,6
batch_20260917_105909_af0d48,000000015505357_bao_cao_tai_chinh_cong_ty_me_quy_3.pdf,UNKNOWN,separate,vi,income_statement,income_statement,2025Q3,2025Q3,2025,2025,,,,Doanh thu hoạt động tài chính,21,doanh_thu_tai_chinh,luy_ke_ky_nay,83294.0,6
batch_20260917_105909_af0d48,000000015505357_bao_cao_tai_chinh_cong_ty_me_quy_3.pdf,UNKNOWN,separate,vi,income_statement,income_statement,2025Q3,2025Q3,2025,2025,,,,Doanh thu hoạt động tài chính,21,doanh_thu_tai_chinh,luy_ke_ky_truoc,32800.0,6
batch_20260917_105909_af0d48,000000015505357_bao_cao_tai_chinh_cong_ty_me_quy_3.pdf,UNKNOWN,separate,vi,income_statement,income_statement,2025Q3,2025Q3,2025,2025,,,,Chi phí tài chính,22,chi_phi_tai_chinh,ky_nay,-2309678904.0,6
batch_20260917_105909_af0d48,000000015505357_bao_cao_tai_chinh_cong_ty_me_quy_3.pdf,UNKNOWN,separate,vi,income_statement,income_statement,2025Q3,2025Q3,2025,2025,,,,Chi phí tài chính,22,chi_phi_tai_chinh,ky_truoc,-2426713973.0,6
batch_20260917_105909_af0d48,000000015505357_bao_cao_tai_chinh_cong_ty_me_quy_3.pdf,UNKNOWN,separate,vi,income_statement,income_statement,2025Q3,2025Q3,2025,2025,,,,Chi phí tài chính,22,chi_phi_tai_chinh,luy_ke_ky_nay,-6857186575.0,6
batch_20260917_105909_af0d48,000000015505357_bao_cao_tai_chinh_cong_ty_me_quy_3.pdf,UNKNOWN,separate,vi,income_statement,income_statement,2025Q3,2025Q3,2025,2025,,,,Chi phí tài chính,22,chi_phi_tai_chinh,luy_ke_ky_truoc,-7227954521.0,6
batch_20260917_105909_af0d48,000000015505357_bao_cao_tai_chinh_cong_ty_me_quy_3.pdf,UNKNOWN,separate,vi,income_statement,income_statement,2025Q3,2025Q3,2025,2025,,,,- Trong đó: Chi phí lãi vay,23,trongdochiphilaivay,ky_nay,0.0,6
batch_20260917_105909_af0d48,000000015505357_bao_cao_tai_chinh_cong_ty_me_quy_3.pdf,UNKNOWN,separate,vi,income_statement,income_statement,2025Q3,2025Q3,2025,2025,,,,- Trong đó: Chi phí lãi vay,23,trongdochiphilaivay,ky_truoc,0.0,6
batch_20260917_105909_af0d48,000000015505357_bao_cao_tai_chinh_cong_ty_me_quy_3.pdf,UNKNOWN,separate,vi,income_statement,income_statement,2025Q3,2025Q3,2025,2025,,,,- Trong đó: Chi phí lãi vay,23,trongdochiphilaivay,luy_ke_ky_nay,-4547507671.0,6
batch_20260917_105909_af0d48,000000015505357_bao_cao_tai_chinh_cong_ty_me_quy_3.pdf,UNKNOWN,separate,vi,income_statement,income_statement,2025Q3,2025Q3,2025,2025,,,,- Trong đó: Chi phí lãi vay,23,trongdochiphilaivay,luy_ke_ky_truoc,0.0,6
batch_20260917_105909_af0d48,000000015505357_bao_cao_tai_chinh_cong_ty_me_quy_3.pdf,UNKNOWN,separate,vi,income_statement,income_statement,2025Q3,2025Q3,2025,2025,,,,Chi phí bán hàng,25,chi_phi_ban_hang,ky_nay,0.0,6
batch_20260917_105909_af0d48,000000015505357_bao_cao_tai_chinh_cong_ty_me_quy_3.pdf,UNKNOWN,separate,vi,income_statement,income_statement,2025Q3,2025Q3,2025,2025,,,,Chi phí bán hàng,25,chi_phi_ban_hang,ky_truoc,0.0,6
batch_20260917_105909_af0d48,000000015505357_bao_cao_tai_chinh_cong_ty_me_quy_3.pdf,UNKNOWN,separate,vi,income_statement,income_statement,2025Q3,2025Q3,2025,2025,,,,Chi phí bán hàng,25,chi_phi_ban_hang,luy_ke_ky_nay,0.0,6
batch_20260917_105909_af0d48,000000015505357_bao_cao_tai_chinh_cong_ty_me_quy_3.pdf,UNKNOWN,separate,vi,income_statement,income_statement,2025Q3,2025Q3,2025,2025,,,,Chi phí bán hàng,25,chi_phi_ban_hang,luy_ke_ky_truoc,0.0,6
batch_20260917_105909_af0d48,000000015505357_bao_cao_tai_chinh_cong_ty_me_quy_3.pdf,UNKNOWN,separate,vi,income_statement,income_statement,2025Q3,2025Q3,2025,2025,,,,Chi phí quản lý doanh nghiệp,26,chi_phi_quan_ly,ky_nay,-74018639.0,6
batch_20260917_105909_af0d48,000000015505357_bao_cao_tai_chinh_cong_ty_me_quy_3.pdf,UNKNOWN,separate,vi,income_statement,income_statement,2025Q3,2025Q3,2025,2025,,,,Chi phí quản lý doanh nghiệp,26,chi_phi_quan_ly,ky_truoc,-247900.0,6
batch_20260917_105909_af0d48,000000015505357_bao_cao_tai_chinh_cong_ty_me_quy_3.pdf,UNKNOWN,separate,vi,income_statement,income_statement,2025Q3,2025Q3,2025,2025,,,,Chi phí quản lý doanh nghiệp,26,chi_phi_quan_ly,luy_ke_ky_nay,-164032701.0,6
batch_20260917_105909_af0d48,000000015505357_bao_cao_tai_chinh_cong_ty_me_quy_3.pdf,UNKNOWN,separate,vi,income_statement,income_statement,2025Q3,2025Q3,2025,2025,,,,Chi phí quản lý doanh nghiệp,26,chi_phi_quan_ly,luy_ke_ky_truoc,-68480515.0,6
batch_20260917_105909_af0d48,000000015505357_bao_cao_tai_chinh_cong_ty_me_quy_3.pdf,UNKNOWN,separate,vi,income_statement,income_statement,2025Q3,2025Q3,2025,2025,,,,(30=20+(21-22)-(25+26),,302021222526,ky_nay,-2383664441.0,6
batch_20260917_105909_af0d48,000000015505357_bao_cao_tai_chinh_cong_ty_me_quy_3.pdf,UNKNOWN,separate,vi,income_statement,income_statement,2025Q3,2025Q3,2025,2025,,,,(30=20+(21-22)-(25+26),,302021222526,ky_truoc,-2426895873.0,6
batch_20260917_105909_af0d48,000000015505357_bao_cao_tai_chinh_cong_ty_me_quy_3.pdf,UNKNOWN,separate,vi,income_statement,income_statement,2025Q3,2025Q3,2025,2025,,,,(30=20+(21-22)-(25+26),,302021222526,luy_ke_ky_nay,-7021135982.0,6
batch_20260917_105909_af0d48,000000015505357_bao_cao_tai_chinh_cong_ty_me_quy_3.pdf,UNKNOWN,separate,vi,income_statement,income_statement,2025Q3,2025Q3,2025,2025,,,,(30=20+(21-22)-(25+26),,302021222526,luy_ke_ky_truoc,-7296336236.0,6
batch_20260917_105909_af0d48,000000015505357_bao_cao_tai_chinh_cong_ty_me_quy_3.pdf,UNKNOWN,separate,vi,income_statement,income_statement,2025Q3,2025Q3,2025,2025,,,,Thu nhập khác,31,thu_nhap_khac,ky_nay,0.0,6
batch_20260917_105909_af0d48,000000015505357_bao_cao_tai_chinh_cong_ty_me_quy_3.pdf,UNKNOWN,separate,vi,income_statement,income_statement,2025Q3,2025Q3,2025,2025,,,,Thu nhập khác,31,thu_nhap_khac,ky_truoc,0.0,6
batch_20260917_105909_af0d48,000000015505357_bao_cao_tai_chinh_cong_ty_me_quy_3.pdf,UNKNOWN,separate,vi,income_statement,income_statement,2025Q3,2025Q3,2025,2025,,,,Thu nhập khác,31,thu_nhap_khac,luy_ke_ky_nay,0.0,6
batch_20260917_105909_af0d48,000000015505357_bao_cao_tai_chinh_cong_ty_me_quy_3.pdf,UNKNOWN,separate,vi,income_statement,income_statement,2025Q3,2025Q3,2025,2025,,,,Thu nhập khác,31,thu_nhap_khac,luy_ke_ky_truoc,0.0,6
batch_20260917_105909_af0d48,000000015505357_bao_cao_tai_chinh_cong_ty_me_quy_3.pdf,UNKNOWN,separate,vi,income_statement,income_statement,2025Q3,2025Q3,2025,2025,,,,Chi phí khác,32,chi_phi_khac,ky_nay,-1739802247.0,6
batch_20260917_105909_af0d48,000000015505357_bao_cao_tai_chinh_cong_ty_me_quy_3.pdf,UNKNOWN,separate,vi,income_statement,income_statement,2025Q3,2025Q3,2025,2025,,,,Chi phí khác,32,chi_phi_khac,ky_truoc,-1771995469.0,6
batch_20260917_105909_af0d48,000000015505357_bao_cao_tai_chinh_cong_ty_me_quy_3.pdf,UNKNOWN,separate,vi,income_statement,income_statement,2025Q3,2025Q3,2025,2025,,,,Chi phí khác,32,chi_phi_khac,luy_ke_ky_nay,-5219406743.0,6
batch_20260917_105909_af0d48,000000015505357_bao_cao_tai_chinh_cong_ty_me_quy_3.pdf,UNKNOWN,separate,vi,income_statement,income_statement,2025Q3,2025Q3,2025,2025,,,,Chi phí khác,32,chi_phi_khac,luy_ke_ky_truoc,-5276136522.0,6
batch_20260917_105909_af0d48,000000015505357_bao_cao_tai_chinh_cong_ty_me_quy_3.pdf,UNKNOWN,separate,vi,income_statement,income_statement,2025Q3,2025Q3,2025,2025,,,,Lợi nhuận khác (40=31-32),40,loi_nhuan_khac,ky_nay,-1739802247.0,6
batch_20260917_105909_af0d48,000000015505357_bao_cao_tai_chinh_cong_ty_me_quy_3.pdf,UNKNOWN,separate,vi,income_statement,income_statement,2025Q3,2025Q3,2025,2025,,,,Lợi nhuận khác (40=31-32),40,loi_nhuan_khac,ky_truoc,-1771995469.0,6
batch_20260917_105909_af0d48,000000015505357_bao_cao_tai_chinh_cong_ty_me_quy_3.pdf,UNKNOWN,separate,vi,income_statement,income_statement,2025Q3,2025Q3,2025,2025,,,,Lợi nhuận khác (40=31-32),40,loi_nhuan_khac,luy_ke_ky_nay,-5219406743.0,6
batch_20260917_105909_af0d48,000000015505357_bao_cao_tai_chinh_cong_ty_me_quy_3.pdf,UNKNOWN,separate,vi,income_statement,income_statement,2025Q3,2025Q3,2025,2025,,,,Lợi nhuận khác (40=31-32),40,loi_nhuan_khac,luy_ke_ky_truoc,-5276136522.0,6
batch_20260917_105909_af0d48,000000015505357_bao_cao_tai_chinh_cong_ty_me_quy_3.pdf,UNKNOWN,separate,vi,income_statement,income_statement,2025Q3,2025Q3,2025,2025,,,,Tổng lợi nhuận kế toán trước thuế,50,loi_nhuan_truoc_thue,ky_nay,-4123466688.0,6
batch_20260917_105909_af0d48,000000015505357_bao_cao_tai_chinh_cong_ty_me_quy_3.pdf,UNKNOWN,separate,vi,income_statement,income_statement,2025Q3,2025Q3,2025,2025,,,,Tổng lợi nhuận kế toán trước thuế,50,loi_nhuan_truoc_thue,ky_truoc,-4198891342.0,6
batch_20260917_105909_af0d48,000000015505357_bao_cao_tai_chinh_cong_ty_me_quy_3.pdf,UNKNOWN,separate,vi,income_statement,income_statement,2025Q3,2025Q3,2025,2025,,,,Tổng lợi nhuận kế toán trước thuế,50,loi_nhuan_truoc_thue,luy_ke_ky_nay,-12240542725.0,6
batch_20260917_105909_af0d48,000000015505357_bao_cao_tai_chinh_cong_ty_me_quy_3.pdf,UNKNOWN,separate,vi,income_statement,income_statement,2025Q3,2025Q3,2025,2025,,,,Tổng lợi nhuận kế toán trước thuế,50,loi_nhuan_truoc_thue,luy_ke_ky_truoc,-12572472758.0,6
batch_20260917_105909_af0d48,000000015505357_bao_cao_tai_chinh_cong_ty_me_quy_3.pdf,UNKNOWN,separate,vi,income_statement,income_statement,2025Q3,2025Q3,2025,2025,,,,(1550. =C3h0i+ p4h0í) thuế TNDN hiện hành,51,thue_tndn_hien_hanh,ky_nay,0.0,6
batch_20260917_105909_af0d48,000000015505357_bao_cao_tai_chinh_cong_ty_me_quy_3.pdf,UNKNOWN,separate,vi,income_statement,income_statement,2025Q3,2025Q3,2025,2025,,,,(1550. =C3h0i+ p4h0í) thuế TNDN hiện hành,51,thue_tndn_hien_hanh,ky_truoc,0.0,6
batch_20260917_105909_af0d48,000000015505357_bao_cao_tai_chinh_cong_ty_me_quy_3.pdf,UNKNOWN,separate,vi,income_statement,income_statement,2025Q3,2025Q3,2025,2025,,,,(1550. =C3h0i+ p4h0í) thuế TNDN hiện hành,51,thue_tndn_hien_hanh,luy_ke_ky_nay,0.0,6
batch_20260917_105909_af0d48,000000015505357_bao_cao_tai_chinh_cong_ty_me_quy_3.pdf,UNKNOWN,separate,vi,income_statement,income_statement,2025Q3,2025Q3,2025,2025,,,,(1550. =C3h0i+ p4h0í) thuế TNDN hiện hành,51,thue_tndn_hien_hanh,luy_ke_ky_truoc,0.0,6
batch_20260917_105909_af0d48,000000015505357_bao_cao_tai_chinh_cong_ty_me_quy_3.pdf,UNKNOWN,separate,vi,income_statement,income_statement,2025Q3,2025Q3,2025,2025,,,,Chi phí thuế TNDN hoãn lại,52,chi_phi_thue_tndn,ky_nay,0.0,6
batch_20260917_105909_af0d48,000000015505357_bao_cao_tai_chinh_cong_ty_me_quy_3.pdf,UNKNOWN,separate,vi,income_statement,income_statement,2025Q3,2025Q3,2025,2025,,,,Chi phí thuế TNDN hoãn lại,52,chi_phi_thue_tndn,ky_truoc,0.0,6
batch_20260917_105909_af0d48,000000015505357_bao_cao_tai_chinh_cong_ty_me_quy_3.pdf,UNKNOWN,separate,vi,income_statement,income_statement,2025Q3,2025Q3,2025,2025,,,,Chi phí thuế TNDN hoãn lại,52,chi_phi_thue_tndn,luy_ke_ky_nay,0.0,6
batch_20260917_105909_af0d48,000000015505357_bao_cao_tai_chinh_cong_ty_me_quy_3.pdf,UNKNOWN,separate,vi,income_statement,income_statement,2025Q3,2025Q3,2025,2025,,,,Chi phí thuế TNDN hoãn lại,52,chi_phi_thue_tndn,luy_ke_ky_truoc,0.0,6
batch_20260917_105909_af0d48,000000015505357_bao_cao_tai_chinh_cong_ty_me_quy_3.pdf,UNKNOWN,separate,vi,income_statement,income_statement,2025Q3,2025Q3,2025,2025,,,,Lợi nhuận sau thuế thu nhập doanh nghiệp,60,loi_nhuan_sau_thue,ky_nay,-4123466688.0,6
batch_20260917_105909_af0d48,000000015505357_bao_cao_tai_chinh_cong_ty_me_quy_3.pdf,UNKNOWN,separate,vi,income_statement,income_statement,2025Q3,2025Q3,2025,2025,,,,Lợi nhuận sau thuế thu nhập doanh nghiệp,60,loi_nhuan_sau_thue,ky_truoc,-4198891342.0,6
batch_20260917_105909_af0d48,000000015505357_bao_cao_tai_chinh_cong_ty_me_quy_3.pdf,UNKNOWN,separate,vi,income_statement,income_statement,2025Q3,2025Q3,2025,2025,,,,Lợi nhuận sau thuế thu nhập doanh nghiệp,60,loi_nhuan_sau_thue,luy_ke_ky_nay,-12240542725.0,6
batch_20260917_105909_af0d48,000000015505357_bao_cao_tai_chinh_cong_ty_me_quy_3.pdf,UNKNOWN,separate,vi,income_statement,income_statement,2025Q3,2025Q3,2025,2025,,,,Lợi nhuận sau thuế thu nhập doanh nghiệp,60,loi_nhuan_sau_thue,luy_ke_ky_truoc,-12572472758.0,6
batch_20260917_105909_af0d48,000000015505357_bao_cao_tai_chinh_cong_ty_me_quy_3.pdf,UNKNOWN,separate,vi,cash_flow,cash_flow,2025Q3,2025Q3,2025,2025,,,,"Tiền thu bán hàng, cung cấp dịch vụ và doanh",01,tienthubanhangcungcapdichvuvadoanh,luy_ke_ky_truoc,66000.0,8
batch_20260917_105909_af0d48,000000015505357_bao_cao_tai_chinh_cong_ty_me_quy_3.pdf,UNKNOWN,separate,vi,cash_flow,cash_flow,2025Q3,2025Q3,2025,2025,,,,thu 2. Tiền khác chi trả cho người cung cấp hàng hóa và,02,thu2tienkhacchitrachonguoicungcaphanghoava,luy_ke_ky_nay,-47532000.0,8
batch_20260917_105909_af0d48,000000015505357_bao_cao_tai_chinh_cong_ty_me_quy_3.pdf,UNKNOWN,separate,vi,cash_flow,cash_flow,2025Q3,2025Q3,2025,2025,,,,thu 2. Tiền khác chi trả cho người cung cấp hàng hóa và,02,thu2tienkhacchitrachonguoicungcaphanghoava,luy_ke_ky_truoc,-182936368.0,8
batch_20260917_105909_af0d48,000000015505357_bao_cao_tai_chinh_cong_ty_me_quy_3.pdf,UNKNOWN,separate,vi,cash_flow,cash_flow,2025Q3,2025Q3,2025,2025,,,,Tiền thu khác từ hoạt động kinh doanh,06,tienthukhactuhoatdongkinhdoanh,luy_ke_ky_nay,51032000.0,8
batch_20260917_105909_af0d48,000000015505357_bao_cao_tai_chinh_cong_ty_me_quy_3.pdf,UNKNOWN,separate,vi,cash_flow,cash_flow,2025Q3,2025Q3,2025,2025,,,,Tiền thu khác từ hoạt động kinh doanh,06,tienthukhactuhoatdongkinhdoanh,luy_ke_ky_truoc,183000000.0,8
batch_20260917_105909_af0d48,000000015505357_bao_cao_tai_chinh_cong_ty_me_quy_3.pdf,UNKNOWN,separate,vi,cash_flow,cash_flow,2025Q3,2025Q3,2025,2025,,,,Tiền chi khác cho hoạt động kinh doanh,07,tienchikhacchohoatdongkinhdoanh,luy_ke_ky_nay,-3681602.0,8
batch_20260917_105909_af0d48,000000015505357_bao_cao_tai_chinh_cong_ty_me_quy_3.pdf,UNKNOWN,separate,vi,cash_flow,cash_flow,2025Q3,2025Q3,2025,2025,,,,Tiền chi khác cho hoạt động kinh doanh,07,tienchikhacchohoatdongkinhdoanh,luy_ke_ky_truoc,-247900.0,8
batch_20260917_105909_af0d48,000000015505357_bao_cao_tai_chinh_cong_ty_me_quy_3.pdf,UNKNOWN,separate,vi,cash_flow,cash_flow,2025Q3,2025Q3,2025,2025,,,,Lưu chuyển tiền thuần từ hoạt động kinh,20,luu_chuyen_kinh_doanh,luy_ke_ky_nay,-181602.0,8
batch_20260917_105909_af0d48,000000015505357_bao_cao_tai_chinh_cong_ty_me_quy_3.pdf,UNKNOWN,separate,vi,cash_flow,cash_flow,2025Q3,2025Q3,2025,2025,,,,Lưu chuyển tiền thuần từ hoạt động kinh,20,luu_chuyen_kinh_doanh,luy_ke_ky_truoc,-118268.0,8
batch_20260917_105909_af0d48,000000015505357_bao_cao_tai_chinh_cong_ty_me_quy_3.pdf,UNKNOWN,separate,vi,cash_flow,cash_flow,2025Q3,2025Q3,2025,2025,,,,"Tiền thu lãi cho vay, cổ tức và lợi nhuận được",27,tienthulaichovaycotucvaloinhuanduoc,luy_ke_ky_nay,33102.0,8
batch_20260917_105909_af0d48,000000015505357_bao_cao_tai_chinh_cong_ty_me_quy_3.pdf,UNKNOWN,separate,vi,cash_flow,cash_flow,2025Q3,2025Q3,2025,2025,,,,chia Lưu chuyển tiền thuần từ hoạt động đầu tư,30,luu_chuyen_dau_tu,luy_ke_ky_nay,33102.0,8
batch_20260917_105909_af0d48,000000015505357_bao_cao_tai_chinh_cong_ty_me_quy_3.pdf,UNKNOWN,separate,vi,cash_flow,cash_flow,2025Q3,2025Q3,2025,2025,,,,Lưu chuyển tiền thuần trong kỳ,50,luu_chuyen_trong_ky,luy_ke_ky_nay,-148500.0,8
batch_20260917_105909_af0d48,000000015505357_bao_cao_tai_chinh_cong_ty_me_quy_3.pdf,UNKNOWN,separate,vi,cash_flow,cash_flow,2025Q3,2025Q3,2025,2025,,,,Lưu chuyển tiền thuần trong kỳ,50,luu_chuyen_trong_ky,luy_ke_ky_truoc,-118268.0,8
batch_20260917_105909_af0d48,000000015505357_bao_cao_tai_chinh_cong_ty_me_quy_3.pdf,UNKNOWN,separate,vi,cash_flow,cash_flow,2025Q3,2025Q3,2025,2025,,,,(50=20+30+40) Tiền và tương đương tiền đầu kỳ,60,tien_dau_ky,luy_ke_ky_nay,67101883.0,8
batch_20260917_105909_af0d48,000000015505357_bao_cao_tai_chinh_cong_ty_me_quy_3.pdf,UNKNOWN,separate,vi,cash_flow,cash_flow,2025Q3,2025Q3,2025,2025,,,,(50=20+30+40) Tiền và tương đương tiền đầu kỳ,60,tien_dau_ky,luy_ke_ky_truoc,73676764.0,8
